{
	"BUILD_DIR" : "/home/hhk/Desktop/HFAST/HFAST-main-1.8.1/HFAST_autogen",
	"CMAKE_BINARY_DIR" : "/home/hhk/Desktop/HFAST/HFAST-main-1.8.1",
	"CMAKE_CURRENT_BINARY_DIR" : "/home/hhk/Desktop/HFAST/HFAST-main-1.8.1",
	"CMAKE_CURRENT_SOURCE_DIR" : "/home/hhk/Desktop/HFAST/HFAST-main-1.8.1",
	"CMAKE_EXECUTABLE" : "/usr/bin/cmake",
	"CMAKE_LIST_FILES" : 
	[
		"/home/hhk/Desktop/HFAST/HFAST-main-1.8.1/CMakeLists.txt",
		"/usr/share/cmake-3.22/Modules/CMakeDetermineSystem.cmake",
		"/usr/share/cmake-3.22/Modules/CMakeSystem.cmake.in",
		"/home/hhk/Desktop/HFAST/HFAST-main-1.8.1/CMakeFiles/3.22.1/CMakeSystem.cmake",
		"/usr/share/cmake-3.22/Modules/CMakeUnixFindMake.cmake",
		"/usr/share/cmake-3.22/Modules/CMakeSystemSpecificInitialize.cmake",
		"/usr/share/cmake-3.22/Modules/CMakeDetermineCCompiler.cmake",
		"/usr/share/cmake-3.22/Modules/CMakeDetermineCompiler.cmake",
		"/usr/share/cmake-3.22/Modules/CMakeDetermineCompilerId.cmake",
		"/usr/share/cmake-3.22/Modules/CMakeCompilerIdDetection.cmake",
		"/usr/share/cmake-3.22/Modules/Compiler/ADSP-DetermineCompiler.cmake",
		"/usr/share/cmake-3.22/Modules/Compiler/ARMCC-DetermineCompiler.cmake",
		"/usr/share/cmake-3.22/Modules/Compiler/ARMClang-DetermineCompiler.cmake",
		"/usr/share/cmake-3.22/Modules/Compiler/AppleClang-DetermineCompiler.cmake",
		"/usr/share/cmake-3.22/Modules/Compiler/Clang-DetermineCompilerInternal.cmake",
		"/usr/share/cmake-3.22/Modules/Compiler/Borland-DetermineCompiler.cmake",
		"/usr/share/cmake-3.22/Modules/Compiler/Bruce-C-DetermineCompiler.cmake",
		"/usr/share/cmake-3.22/Modules/Compiler/Clang-DetermineCompiler.cmake",
		"/usr/share/cmake-3.22/Modules/Compiler/Clang-DetermineCompilerInternal.cmake",
		"/usr/share/cmake-3.22/Modules/Compiler/Compaq-C-DetermineCompiler.cmake",
		"/usr/share/cmake-3.22/Modules/Compiler/Cray-DetermineCompiler.cmake",
		"/usr/share/cmake-3.22/Modules/Compiler/Embarcadero-DetermineCompiler.cmake",
		"/usr/share/cmake-3.22/Modules/Compiler/Fujitsu-DetermineCompiler.cmake",
		"/usr/share/cmake-3.22/Modules/Compiler/FujitsuClang-DetermineCompiler.cmake",
		"/usr/share/cmake-3.22/Modules/Compiler/GHS-DetermineCompiler.cmake",
		"/usr/share/cmake-3.22/Modules/Compiler/GNU-C-DetermineCompiler.cmake",
		"/usr/share/cmake-3.22/Modules/Compiler/HP-C-DetermineCompiler.cmake",
		"/usr/share/cmake-3.22/Modules/Compiler/IAR-DetermineCompiler.cmake",
		"/usr/share/cmake-3.22/Modules/Compiler/Intel-DetermineCompiler.cmake",
		"/usr/share/cmake-3.22/Modules/Compiler/IntelLLVM-DetermineCompiler.cmake",
		"/usr/share/cmake-3.22/Modules/Compiler/MSVC-DetermineCompiler.cmake",
		"/usr/share/cmake-3.22/Modules/Compiler/NVHPC-DetermineCompiler.cmake",
		"/usr/share/cmake-3.22/Modules/Compiler/NVIDIA-DetermineCompiler.cmake",
		"/usr/share/cmake-3.22/Modules/Compiler/OpenWatcom-DetermineCompiler.cmake",
		"/usr/share/cmake-3.22/Modules/Compiler/PGI-DetermineCompiler.cmake",
		"/usr/share/cmake-3.22/Modules/Compiler/PathScale-DetermineCompiler.cmake",
		"/usr/share/cmake-3.22/Modules/Compiler/SCO-DetermineCompiler.cmake",
		"/usr/share/cmake-3.22/Modules/Compiler/SDCC-C-DetermineCompiler.cmake",
		"/usr/share/cmake-3.22/Modules/Compiler/SunPro-C-DetermineCompiler.cmake",
		"/usr/share/cmake-3.22/Modules/Compiler/TI-DetermineCompiler.cmake",
		"/usr/share/cmake-3.22/Modules/Compiler/TinyCC-C-DetermineCompiler.cmake",
		"/usr/share/cmake-3.22/Modules/Compiler/VisualAge-C-DetermineCompiler.cmake",
		"/usr/share/cmake-3.22/Modules/Compiler/IBMCPP-C-DetermineVersionInternal.cmake",
		"/usr/share/cmake-3.22/Modules/Compiler/Watcom-DetermineCompiler.cmake",
		"/usr/share/cmake-3.22/Modules/Compiler/XL-C-DetermineCompiler.cmake",
		"/usr/share/cmake-3.22/Modules/Compiler/IBMCPP-C-DetermineVersionInternal.cmake",
		"/usr/share/cmake-3.22/Modules/Compiler/XLClang-C-DetermineCompiler.cmake",
		"/usr/share/cmake-3.22/Modules/Compiler/zOS-C-DetermineCompiler.cmake",
		"/usr/share/cmake-3.22/Modules/Compiler/IBMCPP-C-DetermineVersionInternal.cmake",
		"/usr/share/cmake-3.22/Modules/CMakeFindBinUtils.cmake",
		"/usr/share/cmake-3.22/Modules/Compiler/GNU-FindBinUtils.cmake",
		"/usr/share/cmake-3.22/Modules/CMakeCCompiler.cmake.in",
		"/home/hhk/Desktop/HFAST/HFAST-main-1.8.1/CMakeFiles/3.22.1/CMakeCCompiler.cmake",
		"/usr/share/cmake-3.22/Modules/CMakeDetermineCXXCompiler.cmake",
		"/usr/share/cmake-3.22/Modules/CMakeDetermineCompiler.cmake",
		"/usr/share/cmake-3.22/Modules/Platform/Linux-Determine-CXX.cmake",
		"/usr/share/cmake-3.22/Modules/CMakeDetermineCompilerId.cmake",
		"/usr/share/cmake-3.22/Modules/CMakeCompilerIdDetection.cmake",
		"/usr/share/cmake-3.22/Modules/Compiler/ADSP-DetermineCompiler.cmake",
		"/usr/share/cmake-3.22/Modules/Compiler/ARMCC-DetermineCompiler.cmake",
		"/usr/share/cmake-3.22/Modules/Compiler/ARMClang-DetermineCompiler.cmake",
		"/usr/share/cmake-3.22/Modules/Compiler/AppleClang-DetermineCompiler.cmake",
		"/usr/share/cmake-3.22/Modules/Compiler/Clang-DetermineCompilerInternal.cmake",
		"/usr/share/cmake-3.22/Modules/Compiler/Borland-DetermineCompiler.cmake",
		"/usr/share/cmake-3.22/Modules/Compiler/Clang-DetermineCompiler.cmake",
		"/usr/share/cmake-3.22/Modules/Compiler/Clang-DetermineCompilerInternal.cmake",
		"/usr/share/cmake-3.22/Modules/Compiler/Comeau-CXX-DetermineCompiler.cmake",
		"/usr/share/cmake-3.22/Modules/Compiler/Compaq-CXX-DetermineCompiler.cmake",
		"/usr/share/cmake-3.22/Modules/Compiler/Cray-DetermineCompiler.cmake",
		"/usr/share/cmake-3.22/Modules/Compiler/Embarcadero-DetermineCompiler.cmake",
		"/usr/share/cmake-3.22/Modules/Compiler/Fujitsu-DetermineCompiler.cmake",
		"/usr/share/cmake-3.22/Modules/Compiler/FujitsuClang-DetermineCompiler.cmake",
		"/usr/share/cmake-3.22/Modules/Compiler/GHS-DetermineCompiler.cmake",
		"/usr/share/cmake-3.22/Modules/Compiler/GNU-CXX-DetermineCompiler.cmake",
		"/usr/share/cmake-3.22/Modules/Compiler/HP-CXX-DetermineCompiler.cmake",
		"/usr/share/cmake-3.22/Modules/Compiler/IAR-DetermineCompiler.cmake",
		"/usr/share/cmake-3.22/Modules/Compiler/Intel-DetermineCompiler.cmake",
		"/usr/share/cmake-3.22/Modules/Compiler/IntelLLVM-DetermineCompiler.cmake",
		"/usr/share/cmake-3.22/Modules/Compiler/MSVC-DetermineCompiler.cmake",
		"/usr/share/cmake-3.22/Modules/Compiler/NVHPC-DetermineCompiler.cmake",
		"/usr/share/cmake-3.22/Modules/Compiler/NVIDIA-DetermineCompiler.cmake",
		"/usr/share/cmake-3.22/Modules/Compiler/OpenWatcom-DetermineCompiler.cmake",
		"/usr/share/cmake-3.22/Modules/Compiler/PGI-DetermineCompiler.cmake",
		"/usr/share/cmake-3.22/Modules/Compiler/PathScale-DetermineCompiler.cmake",
		"/usr/share/cmake-3.22/Modules/Compiler/SCO-DetermineCompiler.cmake",
		"/usr/share/cmake-3.22/Modules/Compiler/SunPro-CXX-DetermineCompiler.cmake",
		"/usr/share/cmake-3.22/Modules/Compiler/TI-DetermineCompiler.cmake",
		"/usr/share/cmake-3.22/Modules/Compiler/VisualAge-CXX-DetermineCompiler.cmake",
		"/usr/share/cmake-3.22/Modules/Compiler/IBMCPP-CXX-DetermineVersionInternal.cmake",
		"/usr/share/cmake-3.22/Modules/Compiler/Watcom-DetermineCompiler.cmake",
		"/usr/share/cmake-3.22/Modules/Compiler/XL-CXX-DetermineCompiler.cmake",
		"/usr/share/cmake-3.22/Modules/Compiler/IBMCPP-CXX-DetermineVersionInternal.cmake",
		"/usr/share/cmake-3.22/Modules/Compiler/XLClang-CXX-DetermineCompiler.cmake",
		"/usr/share/cmake-3.22/Modules/Compiler/zOS-CXX-DetermineCompiler.cmake",
		"/usr/share/cmake-3.22/Modules/Compiler/IBMCPP-CXX-DetermineVersionInternal.cmake",
		"/usr/share/cmake-3.22/Modules/CMakeFindBinUtils.cmake",
		"/usr/share/cmake-3.22/Modules/Compiler/GNU-FindBinUtils.cmake",
		"/usr/share/cmake-3.22/Modules/CMakeCXXCompiler.cmake.in",
		"/home/hhk/Desktop/HFAST/HFAST-main-1.8.1/CMakeFiles/3.22.1/CMakeCXXCompiler.cmake",
		"/usr/share/cmake-3.22/Modules/CMakeSystemSpecificInformation.cmake",
		"/usr/share/cmake-3.22/Modules/CMakeGenericSystem.cmake",
		"/usr/share/cmake-3.22/Modules/CMakeInitializeConfigs.cmake",
		"/usr/share/cmake-3.22/Modules/Platform/Linux.cmake",
		"/usr/share/cmake-3.22/Modules/Platform/UnixPaths.cmake",
		"/usr/share/cmake-3.22/Modules/CMakeCInformation.cmake",
		"/usr/share/cmake-3.22/Modules/CMakeLanguageInformation.cmake",
		"/usr/share/cmake-3.22/Modules/Compiler/GNU-C.cmake",
		"/usr/share/cmake-3.22/Modules/Compiler/GNU.cmake",
		"/usr/share/cmake-3.22/Modules/Compiler/CMakeCommonCompilerMacros.cmake",
		"/usr/share/cmake-3.22/Modules/Platform/Linux-GNU-C.cmake",
		"/usr/share/cmake-3.22/Modules/Platform/Linux-GNU.cmake",
		"/usr/share/cmake-3.22/Modules/CMakeCommonLanguageInclude.cmake",
		"/usr/share/cmake-3.22/Modules/CMakeTestCCompiler.cmake",
		"/usr/share/cmake-3.22/Modules/CMakeTestCompilerCommon.cmake",
		"/usr/share/cmake-3.22/Modules/CMakeDetermineCompilerABI.cmake",
		"/usr/share/cmake-3.22/Modules/CMakeParseImplicitIncludeInfo.cmake",
		"/usr/share/cmake-3.22/Modules/CMakeParseImplicitLinkInfo.cmake",
		"/usr/share/cmake-3.22/Modules/CMakeParseLibraryArchitecture.cmake",
		"/usr/share/cmake-3.22/Modules/CMakeTestCompilerCommon.cmake",
		"/usr/share/cmake-3.22/Modules/CMakeCCompilerABI.c",
		"/usr/share/cmake-3.22/Modules/CMakeDetermineCompileFeatures.cmake",
		"/usr/share/cmake-3.22/Modules/Internal/FeatureTesting.cmake",
		"/usr/share/cmake-3.22/Modules/CMakeCCompiler.cmake.in",
		"/home/hhk/Desktop/HFAST/HFAST-main-1.8.1/CMakeFiles/3.22.1/CMakeCCompiler.cmake",
		"/usr/share/cmake-3.22/Modules/CMakeCXXInformation.cmake",
		"/usr/share/cmake-3.22/Modules/CMakeLanguageInformation.cmake",
		"/usr/share/cmake-3.22/Modules/Compiler/GNU-CXX.cmake",
		"/usr/share/cmake-3.22/Modules/Compiler/GNU.cmake",
		"/usr/share/cmake-3.22/Modules/Platform/Linux-GNU-CXX.cmake",
		"/usr/share/cmake-3.22/Modules/Platform/Linux-GNU.cmake",
		"/usr/share/cmake-3.22/Modules/CMakeCommonLanguageInclude.cmake",
		"/usr/share/cmake-3.22/Modules/CMakeTestCXXCompiler.cmake",
		"/usr/share/cmake-3.22/Modules/CMakeTestCompilerCommon.cmake",
		"/usr/share/cmake-3.22/Modules/CMakeDetermineCompilerABI.cmake",
		"/usr/share/cmake-3.22/Modules/CMakeParseImplicitIncludeInfo.cmake",
		"/usr/share/cmake-3.22/Modules/CMakeParseImplicitLinkInfo.cmake",
		"/usr/share/cmake-3.22/Modules/CMakeParseLibraryArchitecture.cmake",
		"/usr/share/cmake-3.22/Modules/CMakeTestCompilerCommon.cmake",
		"/usr/share/cmake-3.22/Modules/CMakeCXXCompilerABI.cpp",
		"/usr/share/cmake-3.22/Modules/CMakeDetermineCompileFeatures.cmake",
		"/usr/share/cmake-3.22/Modules/Internal/FeatureTesting.cmake",
		"/usr/share/cmake-3.22/Modules/CMakeCXXCompiler.cmake.in",
		"/home/hhk/Desktop/HFAST/HFAST-main-1.8.1/CMakeFiles/3.22.1/CMakeCXXCompiler.cmake",
		"/home/hhk/Documents/Soft/anaconda/lib/cmake/Qt5/Qt5ConfigVersion.cmake",
		"/home/hhk/Documents/Soft/anaconda/lib/cmake/Qt5/Qt5Config.cmake",
		"/home/hhk/Documents/Soft/anaconda/lib/cmake/Qt5/Qt5ModuleLocation.cmake",
		"/home/hhk/Documents/Soft/anaconda/lib/cmake/Qt5Widgets/Qt5WidgetsConfigVersion.cmake",
		"/home/hhk/Documents/Soft/anaconda/lib/cmake/Qt5Widgets/Qt5WidgetsConfig.cmake",
		"/home/hhk/Documents/Soft/anaconda/lib/cmake/Qt5Gui/Qt5GuiConfigVersion.cmake",
		"/home/hhk/Documents/Soft/anaconda/lib/cmake/Qt5Gui/Qt5GuiConfig.cmake",
		"/home/hhk/Documents/Soft/anaconda/lib/cmake/Qt5Core/Qt5CoreConfigVersion.cmake",
		"/home/hhk/Documents/Soft/anaconda/lib/cmake/Qt5Core/Qt5CoreConfig.cmake",
		"/home/hhk/Documents/Soft/anaconda/lib/cmake/Qt5Core/Qt5CoreConfigExtras.cmake",
		"/home/hhk/Documents/Soft/anaconda/lib/cmake/Qt5Core/Qt5CoreConfigExtrasMkspecDir.cmake",
		"/home/hhk/Documents/Soft/anaconda/lib/cmake/Qt5Core/Qt5CoreMacros.cmake",
		"/usr/share/cmake-3.22/Modules/CMakeParseArguments.cmake",
		"/home/hhk/Documents/Soft/anaconda/lib/cmake/Qt5Gui/Qt5Gui_QComposePlatformInputContextPlugin.cmake",
		"/home/hhk/Documents/Soft/anaconda/lib/cmake/Qt5Gui/Qt5Gui_QEglFSEmulatorIntegrationPlugin.cmake",
		"/home/hhk/Documents/Soft/anaconda/lib/cmake/Qt5Gui/Qt5Gui_QEglFSIntegrationPlugin.cmake",
		"/home/hhk/Documents/Soft/anaconda/lib/cmake/Qt5Gui/Qt5Gui_QEglFSX11IntegrationPlugin.cmake",
		"/home/hhk/Documents/Soft/anaconda/lib/cmake/Qt5Gui/Qt5Gui_QEvdevKeyboardPlugin.cmake",
		"/home/hhk/Documents/Soft/anaconda/lib/cmake/Qt5Gui/Qt5Gui_QEvdevMousePlugin.cmake",
		"/home/hhk/Documents/Soft/anaconda/lib/cmake/Qt5Gui/Qt5Gui_QEvdevTabletPlugin.cmake",
		"/home/hhk/Documents/Soft/anaconda/lib/cmake/Qt5Gui/Qt5Gui_QEvdevTouchScreenPlugin.cmake",
		"/home/hhk/Documents/Soft/anaconda/lib/cmake/Qt5Gui/Qt5Gui_QGifPlugin.cmake",
		"/home/hhk/Documents/Soft/anaconda/lib/cmake/Qt5Gui/Qt5Gui_QICNSPlugin.cmake",
		"/home/hhk/Documents/Soft/anaconda/lib/cmake/Qt5Gui/Qt5Gui_QICOPlugin.cmake",
		"/home/hhk/Documents/Soft/anaconda/lib/cmake/Qt5Gui/Qt5Gui_QIbusPlatformInputContextPlugin.cmake",
		"/home/hhk/Documents/Soft/anaconda/lib/cmake/Qt5Gui/Qt5Gui_QJpegPlugin.cmake",
		"/home/hhk/Documents/Soft/anaconda/lib/cmake/Qt5Gui/Qt5Gui_QMinimalEglIntegrationPlugin.cmake",
		"/home/hhk/Documents/Soft/anaconda/lib/cmake/Qt5Gui/Qt5Gui_QMinimalIntegrationPlugin.cmake",
		"/home/hhk/Documents/Soft/anaconda/lib/cmake/Qt5Gui/Qt5Gui_QOffscreenIntegrationPlugin.cmake",
		"/home/hhk/Documents/Soft/anaconda/lib/cmake/Qt5Gui/Qt5Gui_QTgaPlugin.cmake",
		"/home/hhk/Documents/Soft/anaconda/lib/cmake/Qt5Gui/Qt5Gui_QTiffPlugin.cmake",
		"/home/hhk/Documents/Soft/anaconda/lib/cmake/Qt5Gui/Qt5Gui_QTuioTouchPlugin.cmake",
		"/home/hhk/Documents/Soft/anaconda/lib/cmake/Qt5Gui/Qt5Gui_QVirtualKeyboardPlugin.cmake",
		"/home/hhk/Documents/Soft/anaconda/lib/cmake/Qt5Gui/Qt5Gui_QVncIntegrationPlugin.cmake",
		"/home/hhk/Documents/Soft/anaconda/lib/cmake/Qt5Gui/Qt5Gui_QWbmpPlugin.cmake",
		"/home/hhk/Documents/Soft/anaconda/lib/cmake/Qt5Gui/Qt5Gui_QWebpPlugin.cmake",
		"/home/hhk/Documents/Soft/anaconda/lib/cmake/Qt5Gui/Qt5Gui_QXcbEglIntegrationPlugin.cmake",
		"/home/hhk/Documents/Soft/anaconda/lib/cmake/Qt5Gui/Qt5Gui_QXcbGlxIntegrationPlugin.cmake",
		"/home/hhk/Documents/Soft/anaconda/lib/cmake/Qt5Gui/Qt5Gui_QXcbIntegrationPlugin.cmake",
		"/home/hhk/Documents/Soft/anaconda/lib/cmake/Qt5Gui/Qt5GuiConfigExtras.cmake",
		"/home/hhk/Documents/Soft/anaconda/lib/cmake/Qt5Widgets/Qt5WidgetsConfigExtras.cmake",
		"/home/hhk/Documents/Soft/anaconda/lib/cmake/Qt5Widgets/Qt5WidgetsMacros.cmake",
		"/usr/share/cmake-3.22/Modules/CMakeParseArguments.cmake",
		"/home/hhk/Documents/Soft/anaconda/lib/cmake/Qt5PrintSupport/Qt5PrintSupportConfigVersion.cmake",
		"/home/hhk/Documents/Soft/anaconda/lib/cmake/Qt5PrintSupport/Qt5PrintSupportConfig.cmake",
		"/home/hhk/Documents/Soft/anaconda/lib/cmake/Qt5PrintSupport/Qt5PrintSupport_QCupsPrinterSupportPlugin.cmake",
		"/home/hhk/Documents/Soft/anaconda/lib/cmake/Qt5Concurrent/Qt5ConcurrentConfigVersion.cmake",
		"/home/hhk/Documents/Soft/anaconda/lib/cmake/Qt5Concurrent/Qt5ConcurrentConfig.cmake",
		"/usr/share/cmake-3.22/Modules/FindOpenMP.cmake",
		"/usr/share/cmake-3.22/Modules/CMakeParseImplicitLinkInfo.cmake",
		"/home/hhk/Desktop/HFAST/HFAST-main-1.8.1/CMakeFiles/FindOpenMP/OpenMPTryFlag.c",
		"/home/hhk/Desktop/HFAST/HFAST-main-1.8.1/CMakeFiles/FindOpenMP/OpenMPTryFlag.cpp",
		"/usr/share/cmake-3.22/Modules/FindPackageHandleStandardArgs.cmake",
		"/usr/share/cmake-3.22/Modules/FindPackageMessage.cmake",
		"/home/hhk/Desktop/HFAST/HFAST-main-1.8.1/CMakeFiles/FindOpenMP/OpenMPCheckVersion.c",
		"/home/hhk/Desktop/HFAST/HFAST-main-1.8.1/CMakeFiles/FindOpenMP/OpenMPCheckVersion.cpp"
	],
	"CMAKE_SOURCE_DIR" : "/home/hhk/Desktop/HFAST/HFAST-main-1.8.1",
	"DEP_FILE" : "",
	"DEP_FILE_RULE_NAME" : "",
	"HEADERS" : 
	[
		[ "/home/hhk/Desktop/HFAST/HFAST-main-1.8.1/HError.h", "mU", "", null ],
		[ "/home/hhk/Desktop/HFAST/HFAST-main-1.8.1/HFAST.h", "mU", "", null ],
		[
			"/home/hhk/Desktop/HFAST/HFAST-main-1.8.1/HFASTAction.h",
			"mU",
			"",
			null
		],
		[
			"/home/hhk/Desktop/HFAST/HFAST-main-1.8.1/HFASTPlot.h",
			"mU",
			"",
			null
		],
		[ "/home/hhk/Desktop/HFAST/HFAST-main-1.8.1/basic.h", "mU", "", null ],
		[
			"/home/hhk/Desktop/HFAST/HFAST-main-1.8.1/basicdefine.h",
			"mU",
			"",
			null
		],
		[
			"/home/hhk/Desktop/HFAST/HFAST-main-1.8.1/boundaryPanel.h",
			"mU",
			"",
			null
		],
		[
			"/home/hhk/Desktop/HFAST/HFAST-main-1.8.1/controlPanel.h",
			"mU",
			"",
			null
		],
		[
			"/home/hhk/Desktop/HFAST/HFAST-main-1.8.1/defineFields.h",
			"mU",
			"",
			null
		],
		[
			"/home/hhk/Desktop/HFAST/HFAST-main-1.8.1/fileToolBar.h",
			"mU",
			"",
			null
		],
		[
			"/home/hhk/Desktop/HFAST/HFAST-main-1.8.1/fileToolh.h",
			"mU",
			"",
			null
		],
		[ "/home/hhk/Desktop/HFAST/HFAST-main-1.8.1/foamInit.h", "mU", "", null ],
		[
			"/home/hhk/Desktop/HFAST/HFAST-main-1.8.1/functions.h",
			"mU",
			"",
			null
		],
		[
			"/home/hhk/Desktop/HFAST/HFAST-main-1.8.1/generalPanel.h",
			"mU",
			"",
			null
		],
		[
			"/home/hhk/Desktop/HFAST/HFAST-main-1.8.1/materialPanel.h",
			"mU",
			"",
			null
		],
		[
			"/home/hhk/Desktop/HFAST/HFAST-main-1.8.1/modelPage.h",
			"mU",
			"",
			null
		],
		[
			"/home/hhk/Desktop/HFAST/HFAST-main-1.8.1/msgHandle.h",
			"mU",
			"",
			null
		],
		[ "/home/hhk/Desktop/HFAST/HFAST-main-1.8.1/optimize.h", "mU", "", null ],
		[ "/home/hhk/Desktop/HFAST/HFAST-main-1.8.1/plot.h", "mU", "", null ],
		[
			"/home/hhk/Desktop/HFAST/HFAST-main-1.8.1/plotWidget.h",
			"mU",
			"",
			null
		],
		[ "/home/hhk/Desktop/HFAST/HFAST-main-1.8.1/post.h", "mU", "", null ],
		[
			"/home/hhk/Desktop/HFAST/HFAST-main-1.8.1/postProcess.h",
			"mU",
			"",
			null
		],
		[
			"/home/hhk/Desktop/HFAST/HFAST-main-1.8.1/printTool.h",
			"mU",
			"",
			null
		],
		[
			"/home/hhk/Desktop/HFAST/HFAST-main-1.8.1/qcustomplot.h",
			"mU",
			"",
			null
		],
		[ "/home/hhk/Desktop/HFAST/HFAST-main-1.8.1/readBash.h", "mU", "", null ],
		[
			"/home/hhk/Desktop/HFAST/HFAST-main-1.8.1/readBoundary.h",
			"mU",
			"",
			null
		],
		[
			"/home/hhk/Desktop/HFAST/HFAST-main-1.8.1/residualPanel.h",
			"mU",
			"",
			null
		],
		[ "/home/hhk/Desktop/HFAST/HFAST-main-1.8.1/runPanel.h", "mU", "", null ],
		[
			"/home/hhk/Desktop/HFAST/HFAST-main-1.8.1/sampleSurface.h",
			"mU",
			"",
			null
		],
		[
			"/home/hhk/Desktop/HFAST/HFAST-main-1.8.1/schemePanel.h",
			"mU",
			"",
			null
		],
		[
			"/home/hhk/Desktop/HFAST/HFAST-main-1.8.1/setupPanel.h",
			"mU",
			"",
			null
		],
		[
			"/home/hhk/Desktop/HFAST/HFAST-main-1.8.1/solutionPanel.h",
			"mU",
			"",
			null
		],
		[
			"/home/hhk/Desktop/HFAST/HFAST-main-1.8.1/solverWidget.h",
			"mU",
			"",
			null
		],
		[
			"/home/hhk/Desktop/HFAST/HFAST-main-1.8.1/textBrowser.h",
			"mU",
			"",
			null
		],
		[
			"/home/hhk/Desktop/HFAST/HFAST-main-1.8.1/thermaValue.h",
			"mU",
			"",
			null
		],
		[ "/home/hhk/Desktop/HFAST/HFAST-main-1.8.1/thermal.h", "mU", "", null ]
	],
	"HEADER_EXTENSIONS" : [ "h", "hh", "h++", "hm", "hpp", "hxx", "in", "txx" ],
	"INCLUDE_DIR" : "/home/hhk/Desktop/HFAST/HFAST-main-1.8.1/HFAST_autogen/include",
	"MOC_COMPILATION_FILE" : "/home/hhk/Desktop/HFAST/HFAST-main-1.8.1/HFAST_autogen/mocs_compilation.cpp",
	"MOC_DEFINITIONS" : 
	[
		"QT_CONCURRENT_LIB",
		"QT_CORE_LIB",
		"QT_GUI_LIB",
		"QT_NO_DEBUG",
		"QT_PRINTSUPPORT_LIB",
		"QT_WIDGETS_LIB"
	],
	"MOC_DEPEND_FILTERS" : 
	[
		[
			"Q_PLUGIN_METADATA",
			"[\n][ \t]*Q_PLUGIN_METADATA[ \t]*\\([^\\)]*FILE[ \t]*\"([^\"]+)\""
		]
	],
	"MOC_INCLUDES" : 
	[
		"/home/hhk/Desktop/HFAST/HFAST-main-1.8.1",
		"/home/hhk/Documents/Soft/anaconda/include/qt",
		"/home/hhk/Documents/Soft/anaconda/include/qt/QtGui",
		"/home/hhk/Documents/Soft/anaconda/include/qt/QtCore",
		"/home/hhk/Documents/Soft/anaconda/mkspecs/linux-g++",
		"/home/hhk/Documents/Soft/anaconda/include/qt/QtWidgets",
		"/home/hhk/Documents/Soft/anaconda/include/qt/QtPrintSupport",
		"/home/hhk/Documents/Soft/anaconda/include/qt/QtConcurrent",
		"/usr/include/c++/11",
		"/usr/include/x86_64-linux-gnu/c++/11",
		"/usr/include/c++/11/backward",
		"/usr/lib/gcc/x86_64-linux-gnu/11/include",
		"/usr/local/include",
		"/usr/include/x86_64-linux-gnu",
		"/usr/include"
	],
	"MOC_MACRO_NAMES" : [ "Q_OBJECT", "Q_GADGET", "Q_NAMESPACE", "Q_NAMESPACE_EXPORT" ],
	"MOC_OPTIONS" : [],
	"MOC_PATH_PREFIX" : false,
	"MOC_PREDEFS_CMD" : 
	[
		"/usr/bin/c++",
		"-dM",
		"-E",
		"-c",
		"/usr/share/cmake-3.22/Modules/CMakeCXXCompilerABI.cpp"
	],
	"MOC_PREDEFS_FILE" : "/home/hhk/Desktop/HFAST/HFAST-main-1.8.1/HFAST_autogen/moc_predefs.h",
	"MOC_RELAXED_MODE" : false,
	"MOC_SKIP" : 
	[
		"/home/hhk/Desktop/HFAST/HFAST-main-1.8.1/HError.cpp",
		"/home/hhk/Desktop/HFAST/HFAST-main-1.8.1/HError.h",
		"/home/hhk/Desktop/HFAST/HFAST-main-1.8.1/HFAST.cpp",
		"/home/hhk/Desktop/HFAST/HFAST-main-1.8.1/HFAST.h",
		"/home/hhk/Desktop/HFAST/HFAST-main-1.8.1/HFASTAction.cpp",
		"/home/hhk/Desktop/HFAST/HFAST-main-1.8.1/HFASTAction.h",
		"/home/hhk/Desktop/HFAST/HFAST-main-1.8.1/HFASTPlot.cpp",
		"/home/hhk/Desktop/HFAST/HFAST-main-1.8.1/HFASTPlot.h",
		"/home/hhk/Desktop/HFAST/HFAST-main-1.8.1/basic.cpp",
		"/home/hhk/Desktop/HFAST/HFAST-main-1.8.1/basic.h",
		"/home/hhk/Desktop/HFAST/HFAST-main-1.8.1/basicdefine.h",
		"/home/hhk/Desktop/HFAST/HFAST-main-1.8.1/boundaryPanel.cpp",
		"/home/hhk/Desktop/HFAST/HFAST-main-1.8.1/boundaryPanel.h",
		"/home/hhk/Desktop/HFAST/HFAST-main-1.8.1/controlPanel.cpp",
		"/home/hhk/Desktop/HFAST/HFAST-main-1.8.1/controlPanel.h",
		"/home/hhk/Desktop/HFAST/HFAST-main-1.8.1/defineFields.cpp",
		"/home/hhk/Desktop/HFAST/HFAST-main-1.8.1/defineFields.h",
		"/home/hhk/Desktop/HFAST/HFAST-main-1.8.1/fileToolBar.cpp",
		"/home/hhk/Desktop/HFAST/HFAST-main-1.8.1/fileToolBar.h",
		"/home/hhk/Desktop/HFAST/HFAST-main-1.8.1/fileToolh.cpp",
		"/home/hhk/Desktop/HFAST/HFAST-main-1.8.1/fileToolh.h",
		"/home/hhk/Desktop/HFAST/HFAST-main-1.8.1/foamInit.cpp",
		"/home/hhk/Desktop/HFAST/HFAST-main-1.8.1/foamInit.h",
		"/home/hhk/Desktop/HFAST/HFAST-main-1.8.1/functions.h",
		"/home/hhk/Desktop/HFAST/HFAST-main-1.8.1/generalPanel.cpp",
		"/home/hhk/Desktop/HFAST/HFAST-main-1.8.1/generalPanel.h",
		"/home/hhk/Desktop/HFAST/HFAST-main-1.8.1/main.cpp",
		"/home/hhk/Desktop/HFAST/HFAST-main-1.8.1/materialPanel.cpp",
		"/home/hhk/Desktop/HFAST/HFAST-main-1.8.1/materialPanel.h",
		"/home/hhk/Desktop/HFAST/HFAST-main-1.8.1/modelPage.cpp",
		"/home/hhk/Desktop/HFAST/HFAST-main-1.8.1/modelPage.h",
		"/home/hhk/Desktop/HFAST/HFAST-main-1.8.1/msgHandle.cpp",
		"/home/hhk/Desktop/HFAST/HFAST-main-1.8.1/msgHandle.h",
		"/home/hhk/Desktop/HFAST/HFAST-main-1.8.1/optimize.cpp",
		"/home/hhk/Desktop/HFAST/HFAST-main-1.8.1/optimize.h",
		"/home/hhk/Desktop/HFAST/HFAST-main-1.8.1/plot.cpp",
		"/home/hhk/Desktop/HFAST/HFAST-main-1.8.1/plot.h",
		"/home/hhk/Desktop/HFAST/HFAST-main-1.8.1/plotWidget.cpp",
		"/home/hhk/Desktop/HFAST/HFAST-main-1.8.1/plotWidget.h",
		"/home/hhk/Desktop/HFAST/HFAST-main-1.8.1/post.cpp",
		"/home/hhk/Desktop/HFAST/HFAST-main-1.8.1/post.h",
		"/home/hhk/Desktop/HFAST/HFAST-main-1.8.1/postProcess.cpp",
		"/home/hhk/Desktop/HFAST/HFAST-main-1.8.1/postProcess.h",
		"/home/hhk/Desktop/HFAST/HFAST-main-1.8.1/printTool.cpp",
		"/home/hhk/Desktop/HFAST/HFAST-main-1.8.1/printTool.h",
		"/home/hhk/Desktop/HFAST/HFAST-main-1.8.1/qcustomplot.cpp",
		"/home/hhk/Desktop/HFAST/HFAST-main-1.8.1/qcustomplot.h",
		"/home/hhk/Desktop/HFAST/HFAST-main-1.8.1/readBash.cpp",
		"/home/hhk/Desktop/HFAST/HFAST-main-1.8.1/readBash.h",
		"/home/hhk/Desktop/HFAST/HFAST-main-1.8.1/readBoundary.cpp",
		"/home/hhk/Desktop/HFAST/HFAST-main-1.8.1/readBoundary.h",
		"/home/hhk/Desktop/HFAST/HFAST-main-1.8.1/residualPanel.cpp",
		"/home/hhk/Desktop/HFAST/HFAST-main-1.8.1/residualPanel.h",
		"/home/hhk/Desktop/HFAST/HFAST-main-1.8.1/runPanel.cpp",
		"/home/hhk/Desktop/HFAST/HFAST-main-1.8.1/runPanel.h",
		"/home/hhk/Desktop/HFAST/HFAST-main-1.8.1/sampleSurface.cpp",
		"/home/hhk/Desktop/HFAST/HFAST-main-1.8.1/sampleSurface.h",
		"/home/hhk/Desktop/HFAST/HFAST-main-1.8.1/schemePanel.cpp",
		"/home/hhk/Desktop/HFAST/HFAST-main-1.8.1/schemePanel.h",
		"/home/hhk/Desktop/HFAST/HFAST-main-1.8.1/setupPanel.cpp",
		"/home/hhk/Desktop/HFAST/HFAST-main-1.8.1/setupPanel.h",
		"/home/hhk/Desktop/HFAST/HFAST-main-1.8.1/solutionPanel.cpp",
		"/home/hhk/Desktop/HFAST/HFAST-main-1.8.1/solutionPanel.h",
		"/home/hhk/Desktop/HFAST/HFAST-main-1.8.1/solverWidget.cpp",
		"/home/hhk/Desktop/HFAST/HFAST-main-1.8.1/solverWidget.h",
		"/home/hhk/Desktop/HFAST/HFAST-main-1.8.1/textBrowser.cpp",
		"/home/hhk/Desktop/HFAST/HFAST-main-1.8.1/textBrowser.h",
		"/home/hhk/Desktop/HFAST/HFAST-main-1.8.1/thermaValue.cpp",
		"/home/hhk/Desktop/HFAST/HFAST-main-1.8.1/thermaValue.h",
		"/home/hhk/Desktop/HFAST/HFAST-main-1.8.1/thermal.cpp",
		"/home/hhk/Desktop/HFAST/HFAST-main-1.8.1/thermal.h",
		"/home/hhk/Desktop/HFAST/HFAST-main-1.8.1/ui_HFAST.h",
		"/home/hhk/Desktop/HFAST/HFAST-main-1.8.1/ui_HFASTPlot.h",
		"/home/hhk/Desktop/HFAST/HFAST-main-1.8.1/ui_defineFields.h",
		"/home/hhk/Desktop/HFAST/HFAST-main-1.8.1/ui_post.h",
		"/home/hhk/Desktop/HFAST/HFAST-main-1.8.1/ui_runPanel.h",
		"/home/hhk/Desktop/HFAST/HFAST-main-1.8.1/ui_sampleSurface.h",
		"/home/hhk/Desktop/HFAST/HFAST-main-1.8.1/ui_setupPanel.h"
	],
	"MULTI_CONFIG" : false,
	"PARALLEL" : 20,
	"PARSE_CACHE_FILE" : "/home/hhk/Desktop/HFAST/HFAST-main-1.8.1/CMakeFiles/HFAST_autogen.dir/ParseCache.txt",
	"QT_MOC_EXECUTABLE" : "/home/hhk/Documents/Soft/anaconda/bin/moc",
	"QT_UIC_EXECUTABLE" : "/home/hhk/Documents/Soft/anaconda/bin/uic",
	"QT_VERSION_MAJOR" : 5,
	"QT_VERSION_MINOR" : 9,
	"SETTINGS_FILE" : "/home/hhk/Desktop/HFAST/HFAST-main-1.8.1/CMakeFiles/HFAST_autogen.dir/AutogenUsed.txt",
	"SOURCES" : 
	[
		[ "/home/hhk/Desktop/HFAST/HFAST-main-1.8.1/HError.cpp", "mU", null ],
		[ "/home/hhk/Desktop/HFAST/HFAST-main-1.8.1/HFAST.cpp", "mU", null ],
		[
			"/home/hhk/Desktop/HFAST/HFAST-main-1.8.1/HFASTAction.cpp",
			"mU",
			null
		],
		[ "/home/hhk/Desktop/HFAST/HFAST-main-1.8.1/HFASTPlot.cpp", "mU", null ],
		[ "/home/hhk/Desktop/HFAST/HFAST-main-1.8.1/basic.cpp", "mU", null ],
		[
			"/home/hhk/Desktop/HFAST/HFAST-main-1.8.1/boundaryPanel.cpp",
			"mU",
			null
		],
		[
			"/home/hhk/Desktop/HFAST/HFAST-main-1.8.1/controlPanel.cpp",
			"mU",
			null
		],
		[
			"/home/hhk/Desktop/HFAST/HFAST-main-1.8.1/defineFields.cpp",
			"mU",
			null
		],
		[
			"/home/hhk/Desktop/HFAST/HFAST-main-1.8.1/fileToolBar.cpp",
			"mU",
			null
		],
		[ "/home/hhk/Desktop/HFAST/HFAST-main-1.8.1/fileToolh.cpp", "mU", null ],
		[ "/home/hhk/Desktop/HFAST/HFAST-main-1.8.1/foamInit.cpp", "mU", null ],
		[
			"/home/hhk/Desktop/HFAST/HFAST-main-1.8.1/generalPanel.cpp",
			"mU",
			null
		],
		[ "/home/hhk/Desktop/HFAST/HFAST-main-1.8.1/main.cpp", "mU", null ],
		[
			"/home/hhk/Desktop/HFAST/HFAST-main-1.8.1/materialPanel.cpp",
			"mU",
			null
		],
		[ "/home/hhk/Desktop/HFAST/HFAST-main-1.8.1/modelPage.cpp", "mU", null ],
		[ "/home/hhk/Desktop/HFAST/HFAST-main-1.8.1/msgHandle.cpp", "mU", null ],
		[ "/home/hhk/Desktop/HFAST/HFAST-main-1.8.1/optimize.cpp", "mU", null ],
		[ "/home/hhk/Desktop/HFAST/HFAST-main-1.8.1/plot.cpp", "mU", null ],
		[ "/home/hhk/Desktop/HFAST/HFAST-main-1.8.1/plotWidget.cpp", "mU", null ],
		[ "/home/hhk/Desktop/HFAST/HFAST-main-1.8.1/post.cpp", "mU", null ],
		[
			"/home/hhk/Desktop/HFAST/HFAST-main-1.8.1/postProcess.cpp",
			"mU",
			null
		],
		[ "/home/hhk/Desktop/HFAST/HFAST-main-1.8.1/printTool.cpp", "mU", null ],
		[
			"/home/hhk/Desktop/HFAST/HFAST-main-1.8.1/qcustomplot.cpp",
			"mU",
			null
		],
		[ "/home/hhk/Desktop/HFAST/HFAST-main-1.8.1/readBash.cpp", "mU", null ],
		[
			"/home/hhk/Desktop/HFAST/HFAST-main-1.8.1/readBoundary.cpp",
			"mU",
			null
		],
		[
			"/home/hhk/Desktop/HFAST/HFAST-main-1.8.1/residualPanel.cpp",
			"mU",
			null
		],
		[ "/home/hhk/Desktop/HFAST/HFAST-main-1.8.1/runPanel.cpp", "mU", null ],
		[
			"/home/hhk/Desktop/HFAST/HFAST-main-1.8.1/sampleSurface.cpp",
			"mU",
			null
		],
		[
			"/home/hhk/Desktop/HFAST/HFAST-main-1.8.1/schemePanel.cpp",
			"mU",
			null
		],
		[ "/home/hhk/Desktop/HFAST/HFAST-main-1.8.1/setupPanel.cpp", "mU", null ],
		[
			"/home/hhk/Desktop/HFAST/HFAST-main-1.8.1/solutionPanel.cpp",
			"mU",
			null
		],
		[
			"/home/hhk/Desktop/HFAST/HFAST-main-1.8.1/solverWidget.cpp",
			"mU",
			null
		],
		[
			"/home/hhk/Desktop/HFAST/HFAST-main-1.8.1/textBrowser.cpp",
			"mU",
			null
		],
		[
			"/home/hhk/Desktop/HFAST/HFAST-main-1.8.1/thermaValue.cpp",
			"mU",
			null
		],
		[ "/home/hhk/Desktop/HFAST/HFAST-main-1.8.1/thermal.cpp", "mU", null ]
	],
	"UIC_OPTIONS" : [],
	"UIC_SEARCH_PATHS" : [],
	"UIC_SKIP" : 
	[
		"/home/hhk/Desktop/HFAST/HFAST-main-1.8.1/HFAST.ui",
		"/home/hhk/Desktop/HFAST/HFAST-main-1.8.1/HFASTPlot.ui",
		"/home/hhk/Desktop/HFAST/HFAST-main-1.8.1/defineFields.ui",
		"/home/hhk/Desktop/HFAST/HFAST-main-1.8.1/post.ui",
		"/home/hhk/Desktop/HFAST/HFAST-main-1.8.1/runPanel.ui",
		"/home/hhk/Desktop/HFAST/HFAST-main-1.8.1/sampleSurface.ui",
		"/home/hhk/Desktop/HFAST/HFAST-main-1.8.1/setupPanel.ui",
		"/home/hhk/Desktop/HFAST/HFAST-main-1.8.1/ui_HFAST.h",
		"/home/hhk/Desktop/HFAST/HFAST-main-1.8.1/ui_HFASTPlot.h",
		"/home/hhk/Desktop/HFAST/HFAST-main-1.8.1/ui_defineFields.h",
		"/home/hhk/Desktop/HFAST/HFAST-main-1.8.1/ui_post.h",
		"/home/hhk/Desktop/HFAST/HFAST-main-1.8.1/ui_runPanel.h",
		"/home/hhk/Desktop/HFAST/HFAST-main-1.8.1/ui_sampleSurface.h",
		"/home/hhk/Desktop/HFAST/HFAST-main-1.8.1/ui_setupPanel.h"
	],
	"UIC_UI_FILES" : [],
	"VERBOSITY" : 0
}
